name,geometry
outer_shell,"LINESTRING (464397.77390041034 6424496.361853693, 466562.05484210857 6428720.874211875, 499506.30394165765 6430160.146749686, 499959.88441862416 6495885.288409919, 511121.5644651374 6501778.217479735, 510770.9073211088 6515450.13007762, 514087.4555767261 6522090.423623105, 523736.5241213909 6525750.049692333, 525075.1616295691 6536833.544710212, 530715.5243527341 6540091.503567329, 611757.7712884431 6541612.892610708, 614620.5028275143 6543899.412455233, 611248.611386694 6659630.715794327, 616353.4025249731 6669477.180148635, 611962.2262175528 6678250.204524639, 622900.2160754724 6687529.191614949, 630613.9592235007 6700781.861276213, 622876.3588425231 6709677.717344646, 627801.2628500452 6720207.727463126, 623973.4890033489 6728788.532490352, 626274.6997049202 6748591.253233604, 608324.8396553579 6756291.665046178, 599377.4383952626 7045883.184944851, 620663.3142299417 7082563.180850756, 623952.2511736397 7083949.353831197, 700649.4571870668 6947727.552827229, 755898.6141463193 6811849.281550508, 783716.2987575785 6650725.021681124, 768186.0486806058 6581705.716768633, 761732.3027128141 6485343.812627618, 793995.8165079565 6428856.881453706, 844343.1217075265 6286529.526212527, 888450.685437347 6233362.171159181, 900215.9492977213 6206697.83740706, 886583.0336667632 6112499.532525347, 752318.200699976 6101831.468360799, 745454.1067568868 6110743.365595505, 739928.4887304679 6101150.635890163, 602817.8342157624 6096564.720533101, 594437.1665134185 6112841.874988016, 585590.9536705496 6159719.983308037, 575642.1420869209 6171508.355330667, 564171.68421517 6178914.202584698, 561898.9019591712 6204922.10216456, 543706.0333259866 6207055.637510324, 521405.0103655701 6241679.211812191, 522596.92256744043 6264589.758409802, 530907.413317532 6273689.845820093, 535439.2202577721 6290151.391946208, 547331.2575616138 6303591.884496868, 548811.728127524 6314047.534556527, 557158.9226004174 6331122.864048269, 557596.5612210702 6343970.5857144855, 572539.4029218998 6369501.896015297, 570048.0624376643 6385744.519487627, 564073.4581899961 6392795.570730059, 554930.1330322819 6395774.282957459, 529049.2422572508 6391901.836197259, 507480.6107133025 6395711.905698546, 498297.1533474355 6391649.140834229, 477581.1183295924 6398448.882457741, 464397.77390041034 6424496.361853693)"
